{
  "widgetName": "GoogleAnalytics",
  "Enabled": true,
  "code": "(function (i, s, o, g, r, a, m) { i['GoogleAnalyticsObject'] = r; i[r] = i[r] || function () { (i[r].q = i[r].q || []).push(arguments) }, i[r].l = 1 * new Date(); a = s.createElement(o), m = s.getElementsByTagName(o)[0]; a.async = 1; a.src = g; m.parentNode.insertBefore(a, m)})(window, document, 'script', '//www.google-analytics.com/analytics.js', 'ga'); ga('create', 'UA-92630301-3', 'auto'); ga('send', 'pageview');",
  "logClk": true,
  "logDblClk": true,
  "logExtChg": true,
  "logPan": true,
  "logZoom": true,
  "logLayers": [
    "CTS_TF_6_Summary_flView_4819",
    "CTS_TF_6_Summary_flView_6480",
    "CTS_TF_6_Summary_flView_1315",
    "CTS_TF_0_AllRoutesSegs_fsView_7456",
    "CTS_TF_0_RoutesSimple_flView_7834_9803",
    "CTS_TF_0_AllRoutesSegs_fsView_8972",
    "CTS_TF_5_Trailhead_flView_6092_2389",
    "CTS_TF_5_Trailhead_flView_6092",
    "CTS_TF_0_RoutesSimple_flView_411",
    "CTS_TF_0_RoutesSimple_flView_5991",
    "CTS_TF_0_RoutesSimple_flView_7834",
    "CTS_TF_5_Trailhead_flView_6092_2400",
    "CTS_TF_1_Nonmechanized_flView_6069",
    "CTS_TF_2_Nonmotorized_flView_8627",
    "CTS_TF_3_Motorized_flView_9949",
    "CTS_TF_1_Nonmechanized_flView_5208",
    "CTS_TF_1_Nonmechanized_flView_2033",
    "CTS_TF_2_Nonmotorized_flView_7144",
    "CTS_TF_2_Nonmotorized_flView_5484",
    "CTS_TF_3_Motorized_flView_2045",
    "CTS_TF_3_Motorized_flView_3650",
    "CTS_TF_4_BikeLane_flView_4938",
    "CTS_TF_6_SummaryStats_5582",
    "CTS_TF_1_Nonmechanized_1332",
    "CTS_TF_2_Nonmotorized_4469",
    "CTS_TF_3_Motorized_5150",
    "CTS_TF_4_BikeLane_7009",
    "CTS_TF_0_RoutesSimple_8667",
    "TF_ColoradoMaskTile_3282",
    "World_Imagery_8355",
    "NatGeo_World_Map_4381",
    "World_Topo_Map_7949"
  ]
}