{
  "featureLayerMapTips": {
    "layers": {
      "Colorado Summary": {
        "mapTip": "<span>Place: <b>{Stat_AreaName}</b><br></span><span>Total mi: <b>{Stat_Tr_Mileage}</b><br></span><span><i>Zoom in for more info</i></span>"
      },
      "County Summary": {
        "mapTip": "<span>Place: <b>{Stat_AreaName} County</b><br></span><span>Total mi: <b>{Stat_Tr_Mileage}</b><br></span><span><i>Zoom in for more info</i></span>"
      },
      "Trail Manager Summary": {
        "mapTip": "<span>Manager: <b>{Ts_ManagerName}</b><br></span><span><i>Zoom in for more info</i></span>"
      },
      "Popups - Trails & Roads": {
        "mapTip": "<span>Name: <b>{Ts_PrimaryName}</b><br></span><span>Legend: <b>{Ts_SymbolDetailed}</b><br></span><span>Access: <b>{Ts_AccessRestrictions}</b><br></span><span>Route : <b>{Ts_DissolvedMiles} mi.</b><br></span><span><i>Click for more info</i></span>"
      }
    }
  },
  "mapTipTimes": {
    "delay": 500,
    "life": 5000,
    "fadeIn": 400,
    "fadeOut": 400
  }
}