{
  "layerOptions": {
    "CTS_TF_6_Summary_flView_4819": {
      "display": false
    },
    "CTS_TF_6_Summary_flView_6480": {
      "display": false
    },
    "CTS_TF_6_Summary_flView_1315": {
      "display": false
    },
    "CTS_TF_0_AllRoutesSegs_fsView_7456": {
      "display": false
    },
    "CTS_TF_0_RoutesSimple_flView_7834_9803": {
      "display": false
    },
    "CTS_TF_0_AllRoutesSegs_fsView_8972": {
      "display": false
    },
    "CTS_TF_5_Trailhead_flView_6092_2389": {
      "display": false
    },
    "CTS_TF_5_Trailhead_flView_6092": {
      "display": false
    },
    "CTS_TF_0_RoutesSimple_flView_411": {
      "display": false
    },
    "CTS_TF_0_RoutesSimple_flView_5991": {
      "display": false
    },
    "CTS_TF_0_RoutesSimple_flView_7834": {
      "display": false
    },
    "CTS_TF_5_Trailhead_flView_6092_2400": {
      "display": false
    },
    "CTS_TF_1_Nonmechanized_flView_6069": {
      "display": false
    },
    "CTS_TF_2_Nonmotorized_flView_8627": {
      "display": false
    },
    "CTS_TF_3_Motorized_flView_9949": {
      "display": false
    },
    "CTS_TF_1_Nonmechanized_flView_5208": {
      "display": true
    },
    "CTS_TF_1_Nonmechanized_flView_2033": {
      "display": true
    },
    "CTS_TF_2_Nonmotorized_flView_7144": {
      "display": false
    },
    "CTS_TF_2_Nonmotorized_flView_5484": {
      "display": false
    },
    "CTS_TF_3_Motorized_flView_2045": {
      "display": false
    },
    "CTS_TF_3_Motorized_flView_3650": {
      "display": false
    },
    "CTS_TF_4_BikeLane_flView_4938": {
      "display": false
    },
    "CTS_TF_6_SummaryStats_5582": {
      "display": false
    },
    "CTS_TF_6_SummaryStats_5582_0": {
      "display": false
    },
    "CTS_TF_6_SummaryStats_5582_1": {
      "display": false
    },
    "CTS_TF_6_SummaryStats_5582_2": {
      "display": false
    },
    "CTS_TF_6_SummaryStats_5582_3": {
      "display": false
    },
    "CTS_TF_1_Nonmechanized_1332": {
      "display": true
    },
    "CTS_TF_1_Nonmechanized_1332_0": {
      "display": false
    },
    "CTS_TF_1_Nonmechanized_1332_1": {
      "display": false
    },
    "CTS_TF_1_Nonmechanized_1332_2": {
      "display": false
    },
    "CTS_TF_2_Nonmotorized_4469": {
      "display": false
    },
    "CTS_TF_2_Nonmotorized_4469_0": {
      "display": false
    },
    "CTS_TF_2_Nonmotorized_4469_1": {
      "display": false
    },
    "CTS_TF_2_Nonmotorized_4469_2": {
      "display": false
    },
    "CTS_TF_3_Motorized_5150": {
      "display": false
    },
    "CTS_TF_3_Motorized_5150_0": {
      "display": false
    },
    "CTS_TF_3_Motorized_5150_1": {
      "display": false
    },
    "CTS_TF_3_Motorized_5150_2": {
      "display": false
    },
    "CTS_TF_4_BikeLane_7009": {
      "display": false
    },
    "CTS_TF_4_BikeLane_7009_0": {
      "display": false
    },
    "CTS_TF_4_BikeLane_7009_1": {
      "display": false
    },
    "CTS_TF_0_RoutesSimple_8667": {
      "display": false
    },
    "CTS_TF_0_RoutesSimple_8667_0": {
      "display": false
    },
    "CTS_TF_0_RoutesSimple_8667_1": {
      "display": false
    },
    "CTS_TF_0_RoutesSimple_8667_2": {
      "display": false
    },
    "CTS_TF_0_RoutesSimple_8667_3": {
      "display": false
    },
    "CTS_TF_0_RoutesSimple_8667_4": {
      "display": false
    },
    "CTS_TF_0_RoutesSimple_8667_5": {
      "display": false
    },
    "CTS_TF_0_RoutesSimple_8667_6": {
      "display": false
    },
    "CTS_TF_0_RoutesSimple_8667_7": {
      "display": false
    },
    "TF_ColoradoMaskTile_3282": {
      "display": false
    },
    "TF_ColoradoMaskTile_3282_0": {
      "display": false
    },
    "World_Imagery_8355": {
      "display": false
    },
    "World_Imagery_8355_0": {
      "display": false
    },
    "World_Imagery_8355_1": {
      "display": false
    },
    "World_Imagery_8355_2": {
      "display": false
    },
    "World_Imagery_8355_3": {
      "display": false
    },
    "World_Imagery_8355_4": {
      "display": false
    },
    "NatGeo_World_Map_4381": {
      "display": false
    },
    "NatGeo_World_Map_4381_0": {
      "display": false
    },
    "World_Topo_Map_7949": {
      "display": false
    },
    "World_Topo_Map_7949_0": {
      "display": false
    }
  }
}