{
  "allPlaceholder": "Trail, Manager, Place, Address",
  "showInfoWindowOnSelect": true,
  "sources": [
    {
      "layerId": "CTS_TF_0_AllRoutesSegs_fsView_7456",
      "url": "http://utility.arcgis.com/usrsvcs/servers/219fd69ea8984aa69ef1cfe2ee68c69b/rest/services/CTS_TF_0_AllRoutesSegs_fsView/FeatureServer/0",
      "name": "Recreational Trails",
      "placeholder": "Gore Range Trail",
      "searchFields": [
        "Ts_PrimaryName"
      ],
      "displayField": "Ts_PrimaryName",
      "exactMatch": false,
      "searchInCurrentMapExtent": false,
      "zoomScale": 50000,
      "maxSuggestions": 3,
      "maxResults": 6,
      "type": "query"
    },
    {
      "layerId": "CTS_TF_7_TrailManager_7773",
      "url": "http://utility.arcgis.com/usrsvcs/servers/84013302107e460c97beacd383651b4f/rest/services/CTS_TF_7_TrailManager/FeatureServer/0",
      "name": "Trail Manager",
      "placeholder": "Chatfield State Park",
      "searchFields": [
        "Ts_ManagerName"
      ],
      "displayField": "Ts_ManagerName",
      "exactMatch": false,
      "searchInCurrentMapExtent": false,
      "zoomScale": 50000,
      "maxSuggestions": 2,
      "maxResults": 6,
      "type": "query"
    },
    {
      "layerId": null,
      "url": "http://utility.arcgis.com/usrsvcs/servers/ae88f4cab15d452892080335df4899b3/rest/services/TP_COMaP_Detailed_InternalFS/FeatureServer/0",
      "name": "Public Land Parcels",
      "placeholder": "Colorado National Monument",
      "searchFields": [
        "NAME"
      ],
      "displayField": "NAME",
      "exactMatch": false,
      "searchInCurrentMapExtent": false,
      "zoomScale": 50000,
      "maxSuggestions": 2,
      "maxResults": 6,
      "type": "query"
    },
    {
      "url": "https://geocode.arcgis.com/arcgis/rest/services/World/GeocodeServer",
      "name": "Esri World Geocoder",
      "singleLineFieldName": "SingleLine",
      "placeholder": "Place or Address",
      "countryCode": "",
      "zoomScale": 50000,
      "maxSuggestions": 3,
      "maxResults": 6,
      "searchInCurrentMapExtent": false,
      "enableLocalSearch": true,
      "localSearchMinScale": 300000,
      "localSearchDistance": 50000,
      "type": "locator"
    }
  ]
}