{
  "spatialReferences": [
    {
      "wkid": "4326",
      "label": "GCS_WGS_1984",
      "outputUnit": "DEGREE_MINUTE_SECONDS",
      "transformationWkid": "",
      "transformationLabel": "Transformation Name",
      "transformForward": false,
      "options": {
        "sameSRWithMap": false,
        "isGeographicCS": true,
        "isGeographicUnit": true,
        "isProjectedCS": false,
        "isProjectUnit": false,
        "spheroidCS": 4326,
        "defaultUnit": "Degree",
        "unitRate": 1
      }
    },
    {
      "wkid": "6342",
      "label": "NAD_1983_2011_UTM_Zone_13N",
      "outputUnit": "Meter",
      "transformationWkid": "1188",
      "transformationLabel": "NAD_1983_To_WGS_1984_1",
      "transformForward": false,
      "options": {
        "sameSRWithMap": false,
        "isGeographicCS": false,
        "isGeographicUnit": false,
        "isProjectedCS": true,
        "isProjectUnit": true,
        "spheroidCS": 6318,
        "defaultUnit": "Meter",
        "unitRate": 1
      }
    }
  ],
  "decimalPlaces": 0,
  "addSeparator": true,
  "displayOrderLonLat": false
}