{
  "splash": {
    "splashContent": "<div style=\"text-align: -webkit-center;\"><div style=\"text-align: center;\"><u style=\"font-family: Arial; font-size: large;\">Colorado Trail System Disclaimer</u><br /></div><div style=\"text-align: center;\"><font face=\"Arial\" size=\"4\"><br /></font></div><div style=\"text-align: left;\"><font face=\"Arial\" size=\"2\">The Colorado Trail System - Trail Finder application and its underlying geospatial data are intended to depict physical features as they generally appear on the ground and are not intended to be used to determine title, ownership, legal boundaries, legal jurisdiction, including jurisdiction over roads or trails, or access restrictions that may be in place on either public or private land.</font></div><div style=\"text-align: left;\"><font face=\"Arial\" size=\"2\"><br /></font></div><div style=\"text-align: left;\"><font face=\"Arial\" size=\"2\">Obtain permission before entering private lands, and check with appropriate government offices for restrictions that may apply to public lands.</font></div><div style=\"text-align: left;\"><font face=\"Arial\" size=\"2\"><br /></font></div><div style=\"text-align: left;\"><font face=\"Arial\" size=\"2\">Designation of a road, trail, or area should not be interpreted as an invitation to all types of travel or as an implication that the road, trail, or area is passable, actively maintained, or safe for travel. Seasonal weather conditions and natural events may render designated roads, trails, and areas impassable for extended periods. Many designated roads, trails, and areas may be passable only by high-clearance or four-wheel drive vehicles. Maintenance of designated roads, trails, and areas will depend on available resources, and many may receive little maintenance.</font></div><div style=\"text-align: left;\"><font face=\"Arial\" size=\"2\"><br /></font></div><div style=\"text-align: left;\"><font face=\"Arial\" size=\"2\">The Colorado Department of Natural Resources and Colorado Parks and Wildlife makes no warranty, express or implied, nor assumes any liability or responsibility for the accuracy, reliability, completeness, or utility of these geospatial data or for the improper or incorrect use of those data. The data are dynamic and may change over time. The user is responsible for verifying the limitations of the geospatial data and for using the data accordingly.</font></div><div style=\"text-align: left;\"><br /></div><div style=\"text-align: left;\"><br /></div><div style=\"text-align: left;\"><b><font face=\"Arial\" size=\"4\">I </font><span style=\"text-align: -webkit-center;\"><font face=\"Arial\" size=\"4\">agree </font></span><span style=\"font-family: Arial; font-size: large;\">it's my responsibility to verify with the appropriate land manager that I am in compliance with all regulations that may apply on public lands.</span></b></div></div>",
    "requireConfirm": false,
    "confirm": {
      "text": "",
      "color": "#ffffff",
      "transparency": 0
    },
    "showOption": true,
    "confirmEverytime": true,
    "contentVertical": "top",
    "size": {
      "mode": "percent",
      "percent": "75%",
      "wh": {
        "w": 600,
        "h": 264
      }
    },
    "background": {
      "mode": "color",
      "image": null,
      "type": "fill",
      "fileName": "No%20file%20chosen",
      "color": "#485566",
      "transparency": 0
    },
    "button": {
      "color": "#518dca",
      "transparency": 0,
      "text": "I agree"
    }
  }
}