{
  "widgetOnScreen": {
    "widgets": [{
      "uri": "themes/JewelryBoxTheme/widgets/HeaderController/Widget",
      "position": {
        "left": 0,
        "top": 0,
        "right": 0,
        "height": 40,
        "relativeTo": "browser"
      },
      "version": "2.4"
    }, {
      "uri": "widgets/Scalebar/Widget",
      "position": {
        "left": 7,
        "bottom": 25
      },
      "version": "2.4"
    }, {
      "uri": "widgets/Search/Widget",
      "position": {
        "left": 55,
        "top": 45
      },
      "version": "2.4"
    }, {
      "uri": "widgets/Coordinate/Widget",
      "position": {
        "left": 7,
        "bottom": 5
      },
      "version": "2.4"
    },
    {
    "uri": "widgets/AnvilMapTips/Widget",
   
    "version": "1.1",
    "id": "widgets/AnvilMapTips/Widget_101",
    "positionRelativeTo": "map",
     "position": {
      "left": -1000,
      "bottom": -1000
    },
    "name": "AnvilMapTips",
    "label": "Anvil Map Tips",
    "visible": false
    },

    {
    "uri": "widgets/GoogleAnalytics/Widget",
    "version": "1.1.1",
    "id": "widgets/GoogleAnalytics/Widget_101",
    "positionRelativeTo": "map",
    "position": {
      "left": -1000,
      "bottom": -1000
    },
    "name": "GoogleAnalytics",
    "label": "Google Analytics",
    "visible": false
    },

 {
      "position": {
        "left": 55,
        "top": 5
      }
    }, {
      "position": {
        "left": 105,
        "top": 5
      }
    }, {
      "position": {
        "left": 155,
        "top": 5
      }
    },
    {
      "position": {
        "left": 205,
        "top": 5
      }
    },
    {
      "position": {
        "left": 255,
        "top": 5
      }
    }, {
      "uri": "widgets/OverviewMap/Widget",
      "position": {
        "right": 0,
        "bottom": 0
      },
      "version": "2.4"
    }, {
      "uri": "widgets/HomeButton/Widget",
      "inPanel": false,
      "position": {
        "left": 7,
        "top": 75
      },
      "version": "2.4"
    }, {
      "uri": "widgets/MyLocation/Widget",
      "inPanel": false,
      "position": {
        "left": 7,
        "top": 110
      },
      "version": "2.4"
    }, {
      "uri": "widgets/AttributeTable/Widget",
      "version": "2.4",
      "position": {
        "relativeTo": "browser"
      }
    }, {
      "uri": "widgets/Splash/Widget",
      "visible": false,
      "position": {
        "relativeTo": "browser"
      },
      "version": "2.4"
    }, {
      "uri": "widgets/ZoomSlider/Widget",
      "visible": true,
      "position": {
        "top": 5,
        "left": 7
      },
      "version": "2.4"
    }, {
      "uri": "widgets/ExtentNavigate/Widget",
      "visible": false,
      "position": {
        "top": 148,
        "left": 7
      },
      "version": "2.4"
    }],
    "groups": [{
      "visible": false,
      "panel": {
        "uri": "themes/JewelryBoxTheme/panels/LDockablePanel/Panel",
        "position": {
          "left": 0,
          "top": 40,
          "bottom": 0,
          "width": 360,
          "relativeTo": "browser"
        }
      },
      "maxWidgets": 1
    }]
  },

  "map": {
    "position": {
      "left": 0,
      "top": 40,
      "right": 0,
      "bottom": 0
    }
  },

  "widgetPool": {
    "panel": {
      "uri": "themes/JewelryBoxTheme/panels/FoldablePanel/Panel",
      "position": {
        "top": 5,
        "right": 5,
        "bottom": 5,
        "zIndex": 5
      }
    }
  },

  "mobileLayout": {
    "widgetOnScreen": {
      "widgets": {
        "widgets/Scalebar/Widget": {
          "position": {
            "left": 7,
            "bottom": 40
          },
          "version": "1.4"
        },
        "widgets/Coordinate/Widget": {
          "position": {
            "left": 7,
            "bottom": 17
          },
          "version": "1.4"
        }
      }
    }
  }
}